Model,RMSE,MAE,Precision,Recall,F1-Score
Collaborative Filtering,0.6280822252537492,0.4905675353460622,0.934313275149288,0.46243037399113335,0.618660177933237
Content-Based Filtering,2.554737161810082,2.3343292301568668,1.0,0.0025957170668397143,0.005177993527508091
Hybrid Model,0.8112316242779588,0.6784403186657495,1.0,0.04477611940298507,0.08571428571428572
