Model,RMSE,MAE,Precision,Recall,F1-Score
Collaborative Filtering,0.6265293439236443,0.4885225090093058,0.933809963099631,0.46027054677731044,0.6166146348892104
Content-Based Filtering,3.053094679922544,2.8758663627574075,0.6666666666666666,0.0012978585334198572,0.0025906735751295338
Hybrid Model,0.8766864985735145,0.7455307569439596,0.9642857142857143,0.01752109020116807,0.03441682600382409
